name,sex,bearers,auto_pick,auto_count,alternatives,OVERRIDE
דוד,M,66415,דָּוִד,596,דּוֹד(4),
משה,M,62813,מֹשֶׁה,727,מִשֶּׂה(1) | מַשֵּׁה(1),
יוסף,M,61850,יוֹסֵף,197,יוֹסִף(5),
יעקב,M,48075,יַעֲקֹב,269,יַעְקֹב(1),
יצחק,M,46655,יִצְחָק,81,יִצְחַק(1),
יעל,F,45329,יָעֵל,6,יַעַל(2),
אסתר,F,44657,אֶסְתֵּר,42,אֶסָּתֵר(2),
תמר,F,39930,תָּמָר,22,תַּמֵּר(1) | תֹּמֶר(1),
חנה,F,35905,חַנָּה,9,חֹנֶה(2) | חָנָה(2) | חֹנָה(2),
מרים,F,34343,מִרְיָם,11,מֵרִים(3) | מָרִים(2),
שלמה,M,33328,שְׁלֹמֹה,242,שְׁלֵמָה(7) | שַׂלְמָה(3) | שַׁלָּמָה(1),
יהודה,M,32237,יְהוּדָה,683,יְהוֹדֶה(1),
עדי,F,30220,עֲדֵי,12,עָדַי(7) | עֲדִי(2) | עֵדַי(2) | עֶדִי(2),
אליהו,M,26416,אֵלִיָּהוּ,60,אֱלִיהוּ(3),
מרדכי,M,25417,מָרְדֳּכַי,32,מָרְדֳּכָי(11),
חיה,F,24687,חַיָּה,23,חָיֹה(7) | חִיָּה(1) | חָיָה(1),
אסף,M,20296,אָסָף,27,אֱסֹף(5) | אֹסִף(3) | אָסַף(3) | אָסֹף(3),
בן,M,18393,בֶּן,1501,בֵּן(101) | בִּן(31),
שני,F,18267,שְׁנֵי,164,שָׁנִי(26) | שֵׁנִי(12) | שְׁנִי(2),
טל,F,16547,טַל,7,טָל(6),
יובל,F,16090,יוּבָל,5,יוֹבֵל(3) | יוּבַל(3),
עדן,F,15931,עֵדֶן,11,עֶדֶן(3) | עִדָּן(2) | עֲדֶן(1),
מלכה,F,15874,מַלְכָּהּ,11,מִלְכָּה(9),
נדב,M,15440,נָדָב,16,נָדַב(1),
הדר,F,15429,הֲדַר,5,הָדָר(4) | הֶדֶר(1),
קרן,F,15130,קֶרֶן,14,קָרַן(3) | קָרֶן(2),
אלה,F,14707,אֵלֶּה,321,אֱלָהּ(20) | אֵלָה(13) | אָלָה(12) | אֱלֹהַ(1),
נעמה,F,14118,נַעֲמָה,4,נָעֵמָה(1),
דנה,F,13642,דְּנָה,53,דָּנָה(1),
שלום,M,12701,שָׁלוֹם,112,שַׁלּוּם(13) | שְׁלוֹם(10),
נטע,F,12561,נָטַע,4,נְטַע(1) | נָטָע(1),
נגה,F,11846,נֹגַהּ,4,נָגַהּ(2),
נתן,M,11322,נָתַן,185,נֹתֵן(84) | נָתָן(32) | נִתַּן(15) | נִתֵּן(6),
דניאל,F,11144,דָּנִיֵּאל,47,דָּנִיֶּאל(1),
ישי,M,10621,יִשַׁי,27,יִשָׁי(11),
אור,F,10587,אוֹר,53,אוּר(4),
שחר,F,10569,שָׁחַר,9,שָׁחֹר(2) | שִׁחֹר(1) | שַׁחַר(1) | שֹׁחֵר(1),
רעות,F,10088,רָעוֹת,18,רֹעוֹת(1),
גלית,F,9692,גָּלְיָת,6,גִּלִּית(1) | גָּלִיתָ(1),
שקד,F,9637,שֹׁקֵד,3,שָׁקֵד(1) | שָׁקַד(1),
ארז,M,9561,אֶרֶז,8,אָרֶז(3),
אדם,M,9429,אָדָם,344,אֱדֹם(18) | אֹדֶם(3) | אָדֹם(2),
גלעד,M,9138,גִּלְעָד,75,גַּלְעֵד(2),
יפה,F,9056,יָפָה,12,יְפֵה(8) | יָפֶה(5),
אבי,M,9047,אָבִי,128,אֲבִי(75) | אַבִי(1),
חגית,F,8813,חַגִּית,4,חַגֵּית(1),
שרית,F,8757,שָׂרִיתָ,1,שֵׁרִית(1),
גל,F,8743,גַּל,7,גֹּל(2) | גָל(1),
אשר,M,8665,אֲשֶׁר,4807,אָשֵׁר(28) | אַשֻּׁר(1),
בר,F,7807,בָּר,10,בַּר(10) | בֹּר(1),
ברוך,M,7340,בָּרוּךְ,82,בְּרוּךְ(2) | בָּרוֹךְ(1),
אפרים,M,7276,אֶפְרַיִם,106,אֶפְרָיִם(43),
שי,F,7072,שַׁי,2,שָׁי(1),
טובה,F,6694,טוֹבָה,49,טוּבָהּ(1),
אמה,F,6612,אַמָּה,85,אִמָּהּ(5) | אָמָה(1) | אֻמָּה(1),
אורי,F,6580,אוּרִי,5,אוֹרִי(2),
אביה,F,6497,אָבִיהָ,30,אֲבִיָּה(19) | אָבִיה(1),
יגאל,M,6482,יִגְאַל,7,יִגָּאֵל(6) | יִגְאָל(3),
יורם,M,6247,יוֹרָם,15,יוּרַם(1),
אליה,F,5882,אֵלֶיהָ,79,אֵלִיָּה(5),
עינת,F,5840,עֵינֹת,2,עֲיָנֹת(1),
ברק,M,5824,בָּרָק,16,בְּרַק(3),
שאול,M,5550,שָׁאוּל,355,שְׁאוֹל(38) | שָׁאוֹל(1),
גלי,F,5345,גַּלִּי,2,גֲלִי(1) | גֱּלִי(1),
שמחה,F,5259,שִׂמְחָה,34,שְׂמֵחָה(1),
נאוה,F,4989,נָאוָה,4,נָאוֶה(4) | נַאֲוָה(1),
חגי,M,4979,חַגַּי,11,חַגִּי(1) | חָגִּי(1),
אורה,F,4751,אוֹרֶה,2,אוֹרָה(1),
גפן,F,4722,גֶּפֶן,10,גָפֶן(1),
אתי,F,4640,אֹתִי,82,אִתִּי(51) | אִתַּי(8),
יערה,F,4632,יַעְרָהּ,2,יְעָרֶה(1) | יֵעָרֶה(1),
צביה,F,4176,צִבְיָה,4,צֹבֶיהָ(1),
אילת,F,4103,אֵילַת,3,אַיֶּלֶת(3),
נבו,M,4101,נְבוֹ,12,נְבוּ(1),
בניה,M,4100,בָּנֶיהָ,15,בְּנָיָה(8),
עדנה,F,4044,עֶדְנָה,1,עֲדֶנָה(1) | עַדְנָה(1),
שפרה,F,3697,שִׁפְרָה,2,שָׁפְרָה(1),
אלין,F,3577,אִלֵּין,4,אָלִין(2),
גד,M,3342,גָד,71,גַּד(2),
חנן,M,3036,חָנָן,16,חָנַן(1) | חֹנֵן(1),
איה,F,3020,אַיֵּה,37,אַיָּה(6),
נחום,M,3010,נַחוּם,1,נְחוּם(1),
מלאכי,M,2981,מַלְאֲכֵי,10,מַלְאָכִי(4),
הגר,F,2891,הַגָּר,14,הַגֵּר(13) | הָגָר(12),
יפתח,M,2546,יִפְתָּח,26,יִפְתַּח(8) | יִפָּתֵחַ(5) | יְפַתַּח(1) | יִפָּתַח(1),
רם,M,2467,רָם,10,רִם(1),
מלי,F,2394,מִלָּי,5,מִלֵּי(1),
יהל,F,2377,יַהֵל,1,יָהֵל(1),
עפרה,F,2338,עֲפָרָהּ,3,עָפְרָה(2),
בני,M,2057,בְּנֵי,1573,בְּנִי(101) | בָּנַי(12) | בָּנִי(11) | בָּנָי(3),
יונה,F,2016,יוֹנָה,26,יוֹנֶה(1),
אחיה,M,1907,אֲחִיָּה,14,אָחִיהָ(5) | אֶחְיֶה(4) | אַחֶיהָ(2) | אֲחַיֶּה(1),
שרי,F,1883,שָׂרֵי,132,שָׂרַי(14) | שָׂרָי(4),
יעלה,F,1876,יַעֲלֶה,55,יֵעָלֶה(1) | יַעְלָה(1),
ישעיהו,M,1870,יְשַׁעְיָהוּ,31,יְשַׁעַיָהוּ(1),
אדר,F,1840,אֲדָר,9,אַדָּר(4) | אֶדֶר(2),
חי,M,1820,חַי,100,חָי(22) | חֵי(6),
אנה,F,1716,אָנָה,34,אֲנָה(14) | אָנֶה(3) | אִנָּה(1),
לבנה,F,1659,לִבְנָה,10,לְבָנָה(9) | לְבֹנָה(6) | לִבְנֶה(1) | לְבֵנָה(1),
עמי,M,1652,עַמִּי,183,עִמִּי(46) | עַמֵּי(13),
צור,M,1646,צוּר,33,צוֹר(6),
רני,F,1568,רָנִּי,3,רָנֵּי(1) | רֹנִּי(1),
יהב,F,1527,יְהַב,7,יָהֵב(1) | יְהִב(1),
מאור,F,1482,מֵאוּר,3,מָאוֹר(1) | מְאוֹר(1) | מֵאוֹר(1),
אלי,F,1479,אֵלַי,366,אֵלָי(80) | אֵלִי(12) | אֱלֵי(4) | אֻלַי(1),
ששון,M,1375,שָׂשׂוֹן,13,שְׂשׂוֹן(2),
ים,F,1361,יָם,77,יַם(14),
תפארת,F,1339,תִּפְאֶרֶת,13,תִּפְאָרֶת(2),
עברי,M,1265,עִבְרִי,8,עֹבְרֵי(5) | עָבְרִי(2) | עֲבֹרִי(1),
עתי,M,1259,עַתַּי,2,עִתִּי(1) | עַתָּי(1),
קים,F,1245,קִיַּם,2,קְיָם(1),
מתניה,M,1238,מַתַּנְיָה,11,מָתְנֶיהָ(1),
אן,F,1210,אֹן,2,אָן(2),
גור,M,1190,גּוּר,5,גּוֹר(1),
גדי,M,1181,גְּדִי,9,גֶּדִי(6) | גָּדִי(2) | גַּדִּי(1),
חלי,F,1163,חֳלִי,3,חֹלִי(2),
תרצה,F,1139,תִּרְצֶה,4,תִּרְצָה(3),
אביהו,M,1137,אָבִיהוּ,7,אֲבִיָּהוּ(2),
עדה,F,1135,עָדָה,9,עֵדָה(2) | עֲדֵה(1),
דור,F,1092,דּוֹר,39,דּוּר(1),
בלהה,F,1065,בִּלְהָה,10,בַלָּהָה(1),
תהלה,F,1017,תְּהִלָּה,11,תָּהֳלָה(1),
אמי,F,925,אִמִּי,23,אָמִי(1),
עדיה,F,883,עֲדָיָה,3,עֶדְיָהּ(1) | עָדֶיהָ(1),
קרני,F,867,קַרְנִי,3,קַרְנֵי(3),
רעי,M,844,רֹעֵי,7,רֹעִי(5) | רֵעָי(3) | רֹעַי(2) | רֵעִי(2),
תבל,F,832,תֵּבֵל,32,תֻּבַל(3) | תֶּבֶל(2) | תִּבֹּל(1),
פני,F,792,פְּנֵי,276,פָּנַי(54) | פָּנָי(19) | פָּנָיַ(2),
תחיה,F,777,תִחְיֶה,9,תְחַיֶּה(3),
מרי,F,744,מְרִי,11,מֶרִי(4) | מָרֵי(1),
פלג,F,693,פֶּלֶג,7,פָּלֶג(1) | פַּלַּג(1) | פִלַּג(1),
מני,M,689,מִנִּי,40,מֶנִּי(7) | מִנֵּי(2) | מַנִּי(1),
פרח,F,659,פֶּרַח,4,פָּרַח(3) | פֹּרֵחַ(2) | פָּרֹחַ(1),
קסם,F,620,קֶסֶם,3,קֹסֵם(1) | קָסֶם(1),
כליל,F,620,כָּלִיל,6,כְּלִיל(4) | כַלַּיִל(1) | כְּלֵיל(1),
עטרת,F,613,עֲטֶרֶת,14,עֲטָרֹת(1) | עַטְרֹת(1) | עִטַּרְתָּ(1),
און,M,595,אָוֶן,75,אוֹן(2),
קשת,F,595,קֶשֶׁת,28,קָשֶׁת(5) | קַשָּׁת(1) | קְשַׁת(1),
דר,F,572,דֹּר,6,דָּר(2),
רום,F,564,רוּם,5,רוֹם(1),
שלהבת,F,502,שַׁלְהֶבֶת,1,שַׁלְהָבֶת(1),
תגל,F,479,תָּגֵל,2,תִּגָּל(1) | תְּגָל(1),
גיא,F,473,גֵּיא,13,גַיְא(1) | גֶּיא(1),
פרץ,M,449,פֶּרֶץ,19,פָּרֶץ(8) | פָּרַץ(8) | פָּרֹץ(1),
פסח,M,442,פֶּסַח,14,פִּסֵּחַ(6) | פָסֵחַ(4) | פָּסַח(1) | פָּסֹחַ(1),
דגן,M,437,דָּגָן,17,דָּגֹן(1),
כרם,F,436,כֶּרֶם,16,כָּרֶם(3) | כְּרֻם(1),
כרמי,F,431,כַּרְמִי,8,כַּרְמֵי(2),
ערבה,F,396,עֲרָבָה,4,עָרְבָה(2) | עֲרֻבָּה(1),
רמה,F,389,רָמָה,14,רִמָּה(5),
שלו,F,377,שָׁלוּ,5,שָׁלֵו(3) | שִׁלוֹ(2) | שְׂלָו(1),
בשמת,F,362,בָּשְׂמַת,6,בְשֵׁמֹת(1),
מטר,F,359,מָטָר,15,מְטַר(4),
בל,F,357,בַּל,63,בֵּל(3) | בָּל(1),
דודי,M,350,דּוֹדִי,20,דּוֹדַי(1),
מבשר,M,348,מִבְּשַׂר,5,מְבַשֵּׂר(5),
אביר,M,346,אֲבִיר,4,אַבִּיר(2),
ארן,M,338,אֲרֹן,5,אֹרֶן(1),
מתן,F,316,מַתָּן,6,מֻתָן(1),
שם,M,314,שָׁם,583,שֵׁם(157) | שֶׁם(6) | שֻׁם(1),
ימימה,F,313,יָמִימָה,5,יְמִימָה(1),
צמח,M,288,צֶמַח,6,צָמַח(1) | צִמֵּחַ(1),
שבתי,M,288,שַׁבְתִּי,4,שִׁבְתִּי(2) | שַׁבְּתַי(1),
יאר,M,287,יָאֵר,2,יְאֹר(2),
שריה,M,283,שְׂרָיָה,11,שָׂרֶיהָ(10),
ענב,F,273,עֵנָב,1,עֲנָב(1),
אשירה,F,270,אָשִׁירָה,11,אֲשֵׁירָה(1),
עלי,M,260,עָלַי,136,עֲלֵי(39) | עָלָי(33) | עֵלִי(27) | עֲלִי(6),
מרום,F,253,מָרוֹם,13,מְרוֹם(10) | מֵרוֹם(2),
קדם,F,243,קֶדֶם,33,קֳדָם(20),
תם,F,238,תֹּם,13,תָּם(12) | תַּם(3),
איזבל,F,238,אִיזֶבֶל,14,אִיזָבֶל(5),
מתי,F,236,מָתַי,39,מְתֵי(12) | מֵתִי(3) | מָתָי(2) | מֵתֵי(1),
פרי,F,235,פְּרִי,40,פֶּרִי(5),
לילה,F,235,לַיְלָה,49,לָיְלָה(34),
ברית,F,234,בְּרִית,134,בֹּרִית(1),
ציון,F,233,צִיּוֹן,107,צִיּוּן(1),
שבות,F,233,שְׁבוּת,13,שְׁבוֹת(1),
אדרת,F,231,אַדֶּרֶת,4,אַדָּרֶת(1),
שבע,F,228,שֶׁבַע,132,שְׁבַע(29) | שָׁבַע(21) | שְׁבֻעַ(2) | שָׂבָע(2),
לשם,F,226,לְשֵׁם,29,לֶשֶׁם(3),
צפנת,F,219,צָפַנְתָּ,3,צָפְנַת(1),
עזר,M,212,עֹזֵר,10,עֵזֶר(6) | עָזֻר(1) | עַזֻּר(1) | עֶזֶר(1),
עז,M,211,עֹז,34,עָז(8) | עַז(6) | עֵז(5),
סלי,F,209,סַלֵּי,1,סַלָּי(1),
עזריה,M,203,עֲזַרְיָה,20,עֹזְרֶיהָ(1),
פרחה,F,202,פָּרָחָה,2,פִּרְחָהּ(1) | פָּרְחָה(1),
ששי,M,192,שֵׁשַׁי,3,שִׁשִּׁי(1) | שָׁשַׁי(1),
משיח,M,190,מְשִׁיחַ,8,מָשִׁיחַ(3),
סיני,F,189,סִינַי,19,סִינָי(15),
נצח,M,186,נֶצַח,6,נֵצַח(2),
סלע,M,185,סֶלַע,14,סָלַע(4),
דברת,F,184,דִּבַּרְתָּ,40,דִּבְרַת(5) | דָּבְרַת(2) | דֹּבְרֹת(1),
מימי,F,178,מִימֵי,17,מֵימֵי(7) | מֵימַי(1) | מִיָּמָי(1),
יראת,F,174,יִרְאַת,19,יָרֵאתָ(1),
נוה,F,168,נְוֵה,7,נָוֶה(3),
קלי,F,167,קָלִי,2,קַלָּי(1),
רחמה,F,164,רַחְמָהּ,4,רֻחָמָה(4),
עזרי,M,162,עֶזְרִי,4,עֹזְרֵי(2),
בכור,M,160,בְּכוֹר,54,בְּכוּר(1),
נחלה,F,157,נַחֲלָה,40,נַחְלָה(6),
יפת,M,155,יְפַת,5,יֶפֶת(3) | יָפֶת(2) | יַפְתְּ(1) | יְפֹת(1),
כוכב,F,155,כּוֹכָב,1,כּוֹכַב(1),
נצר,M,151,נֹצֵר,7,נְצֹר(4) | נֵצֶר(1),
אהבה,F,144,אַהֲבָה,11,אֲהֵבָהּ(2) | אֱהָבֶהָ(1),
נהרה,F,143,נַהֲרָה,13,נְהָרָה(1),
ריבי,F,143,רִיבִי,7,רִיבַי(2) | רִיבֵי(1),
רע,M,140,רָע,103,רַע(22) | רֹעַ(10) | רֵעַ(5),
אני,F,139,אֲנִי,587,אָנִי(106) | אֳנִי(5),
גב,M,137,גֶּב,1,גַּב(1),
צפניה,M,136,צְפַנְיָה,8,צֹפְנֶיהָ(1),
זרח,M,132,זֶרַח,15,זָרַח(3) | זָרָח(1),
שלם,M,130,שָׁלֵם,18,שַׁלֻּם(9) | שַׁלֵּם(6) | שָׁלֹם(4) | שִׁלַּם(1),
קמי,F,127,קָמַי,4,קָמָי(1),
תמנע,F,127,תִּמְנָע,4,תִּמְנַע(4) | תִמָּנַע(1),
גבי,F,126,גֹּבַי,1,גֹּבָי(1) | גַּבִּי(1) | גַּבֵּי(1) | גַּבַּי(1),
חפצי,F,123,חֶפְצִי,6,חֲפֵצֵי(3),
עליה,F,118,עָלֶיהָ,170,עֳלֶיהָ(1),
לב,F,115,לֵב,198,לֶב(4),
אביחיל,M,109,אֲבִיחַיִל,3,אֲבִיחָיִל(1),
באר,F,106,בְּאֵר,36,בֵּאֵר(1) | בַּאֵר(1),
יער,F,104,יַעַר,16,יָעַר(8),
גאל,F,104,גֹּאֵל,18,גָּאֹל(3) | גָּאַל(3) | גְּאָל(1) | גְּאַל(1),
שובי,F,103,שׁוּבִי,10,שׁוּבֵי(1),
מלכי,F,102,מַלְכֵי,110,מַלְכִּי(12) | מָלְכִי(1) | מִלְכִּי(1),
שושן,F,101,שׁוּשַׁן,4,שׁוֹשָׁן(2) | שׁוּשָׁן(2),
מלכות,F,99,מַלְכוּת,30,מְּלָכוֹת(2) | מַלְכְוָת(1),
ימין,M,98,יָמִין,22,יְמִין(12),
מתת,F,98,מַתַּת,4,מִתֵּת(2) | מַתָּת(1),
מגן,M,95,מָגֵן,27,מִגַּן(1) | מִגֵּן(1),
דבש,F,93,דְּבַשׁ,14,דְּבָשׁ(1),
סוף,F,92,סוּף,26,סוֹף(3),
עזי,M,91,עֻזִּי,13,עָזִּי(3) | עַזֵּי(1),
ספי,F,87,סִפִּי,1,סִפַּי(1),
נהר,F,85,נְהַר,18,נָהָר(9),
אילן,F,84,אֵילֹן,1,אִילָן(1),
ייטב,M,84,יִיטַב,16,יֵיטִב(3) | יֵיטֵב(1) | יֵיטַב(1),
ראות,F,83,רֹאוֹת,7,רְאוֹת(4),
שר,F,82,שַׂר,89,שָׂר(2),
לאל,F,78,לְאֵל,15,לָאֵל(11) | לְאַל(1),
שרין,F,76,שִׂרְיֹן,1,שְׁרַיִן(1),
שבי,M,75,שְׁבִי,11,שֶׁבִי(4) | שֹׁבָי(2) | שָׂבֵי(2) | שֻׁבִי(1),
שמי,M,75,שְׁמִי,55,שַׁמַּי(5) | שְׁמֵי(4) | שִׂמִי(1) | שַׁמָּי(1),
מדי,F,75,מִדֵּי,14,מָדַי(7) | מָדָי(5),
עלית,F,75,עָלִיתָ,6,עֲלִיַּת(5) | עָלִית(3) | עִלִּית(1),
יגל,F,74,יָגֵל,5,יִגֶל(1),
נדיב,M,74,נָדִיב,7,נְדִיב(3),
ארד,F,73,אֵרֵד,3,אַרְדְּ(1),
דדי,M,73,דֹּדִי,3,דַּדֵּי(2) | דֹּדַי(1),
תמנה,F,73,תִּמְנָה,2,תִמְנֶה(1),
בתי,F,71,בָּתֵּי,21,בִּתִּי(15),
מי,F,71,מִי,333,מֵי(56),
שלמי,M,69,שַׁלְמֵי,1,שְׁלֹמִי(1) | שְׁלֻמֵי(1) | שַׁלְּמִי(1) | שַׁלְמָי(1),
ארי,F,68,אֲרִי,3,אֻרִי(1),
אל,F,64,אֶל,3541,אַל(582) | אֵל(247) | אֲל(1),
לאור,F,64,לְאוֹר,13,לָאוֹר(7) | לֵאוֹר(1),
נחל,F,64,נַחַל,46,נָחַל(4) | נִחַל(1) | נִחָל(1),
אלון,F,63,אֵלוֹן,6,אַלּוֹן(3),
אמרי,F,63,אִמְרֵי,18,אִמְרִי(8) | אֲמָרָי(4) | אֱמֹרִי(2) | אָמְרִי(2),
שמר,M,63,שֹׁמֵר,37,שְׁמֹר(12) | שָׁמַר(8) | שְׁמָר(2) | שָׁמֹר(2),
צרי,F,61,צָרֵי,4,צֳרִי(3) | צָרָי(3) | צֹרִי(2) | צָרַי(2),
פתחיה,M,60,פְּתַחְיָה,2,פְּתָחֶיהָ(1),
אחי,M,59,אֲחִי,37,אָחִי(25) | אֲחֵי(16) | אַחַי(15) | אֶחָי(2),
טוב,F,58,טוֹב,287,טוּב(12),
מורי,F,55,מוֹרָי,1,מוֹרִי(1),
אניה,F,55,אָנִיָּה,1,אֳנִיָּה(1),
רהב,F,53,רַהַב,3,רָהַב(3),
הרי,M,53,הָרֵי,22,הָרַי(4) | הָרָי(1),
אלוני,M,52,אַלּוֹנֵי,2,אֵלוֹנֵי(1),
לביא,F,51,לָבִיא,6,לְבִיָּא(1),
אולי,M,50,אוּלַי,44,אוּלָי(2) | אֱוִלִי(1),
ארץ,F,50,אֶרֶץ,379,אָרֶץ(110) | אָרֻץ(1),
ראם,F,49,רְאֵם,3,רָאָם(2),
נס,F,49,נָס,15,נֵס(13) | נֹס(1) | נַס(1),
שפי,F,49,שֶׁפִי,1,שְׁפִי(1),
רצון,M,48,רָצוֹן,15,רְצוֹן(3),
גבע,F,47,גֶּבַע,7,גָבַע(2),
אילון,F,46,אַיָּלוֹן,6,אֵילוֹן(2),
אוצר,F,45,אוֹצַר,4,אוֹצָר(1),
יערי,F,44,יַעְרֵי,1,יַעְרִי(1),
חסד,M,43,חֶסֶד,67,חָסֶד(12),
גאות,F,43,גֵּאוּת,6,גַּאֲוַת(1),
חבר,M,42,חֶבֶר,8,חָבֶר(3) | חָבֵר(2) | חִבַּר(1) | חֻבָּר(1),
שדה,M,42,שְׂדֵה,24,שָׂדֶה(21) | שָׂדָהּ(2) | שִׁדָּה(1),
אומר,M,40,אוֹמָר,2,אוֹמֵר(2) | אוֹמֶר(1),
יוטל,F,39,יוּטָל,1,יוּטַל(1),
קוה,M,35,קַוֵּה,5,קַוֺּה(1),
מל,F,35,מָל,2,מֹל(1),
אמן,F,34,אָמֵן,27,אֵמֻן(1) | אָמֹן(1) | אֹמֶן(1) | אָמָּן(1),
בנו,M,31,בְּנוֹ,235,בָּנוּ(39) | בְּנוּ(3),
שמש,F,27,שֶׁמֶשׁ,38,שָׁמֶשׁ(14),
כלב,M,26,כָּלֵב,26,כֶּלֶב(6) | כְּלֵב(5) | כָלֶב(1),
נסה,F,26,נִסָּה,2,נָסָה(1) | נְסָה(1),
עזה,F,26,עַזָּה,17,עֻזָּהּ(7) | עֻזֹּה(1),
צורי,F,25,צוּרִי,13,צוּרֵי(1),
עורי,F,23,עוּרִי,12,עוֹרִי(3),
גליתי,F,21,גִּלִּיתִי,2,גִּלֵּיתִי(1),
ברכי,F,16,בָּרֲכִי,5,בִּרְכַּי(4) | בִּרְכֵּי(1),
לאב,F,14,לְאָב,12,לְאַב(1),
